Handle,PCURL
pc-68805,https://www.pricecharting.com/game/68805
pc-65319,https://www.pricecharting.com/game/65319
pc-69040,https://www.pricecharting.com/game/69040
pc-65142,https://www.pricecharting.com/game/65142
pc-68703,https://www.pricecharting.com/game/68703
pc-67996,https://www.pricecharting.com/game/67996
pc-67934,https://www.pricecharting.com/game/67934
pc-67909,https://www.pricecharting.com/game/67909
pc-67886,https://www.pricecharting.com/game/67886
pc-68883,https://www.pricecharting.com/game/68883
pc-70265,https://www.pricecharting.com/game/70265
pc-69041,https://www.pricecharting.com/game/69041
pc-14570,https://www.pricecharting.com/game/14570
pc-40461,https://www.pricecharting.com/game/40461
pc-68918,https://www.pricecharting.com/game/68918
pc-68635,https://www.pricecharting.com/game/68635
pc-65173,https://www.pricecharting.com/game/65173
pc-65308,https://www.pricecharting.com/game/65308
pc-65261,https://www.pricecharting.com/game/65261
pc-65440,https://www.pricecharting.com/game/65440
pc-67702,https://www.pricecharting.com/game/67702
pc-65213,https://www.pricecharting.com/game/65213
pc-65199,https://www.pricecharting.com/game/65199
pc-68628,https://www.pricecharting.com/game/68628
pc-65484,https://www.pricecharting.com/game/65484
pc-68571,https://www.pricecharting.com/game/68571
pc-65178,https://www.pricecharting.com/game/65178
pc-65110,https://www.pricecharting.com/game/65110
pc-68627,https://www.pricecharting.com/game/68627
pc-65438,https://www.pricecharting.com/game/65438
pc-65263,https://www.pricecharting.com/game/65263
pc-19829,https://www.pricecharting.com/game/19829
pc-68631,https://www.pricecharting.com/game/68631
pc-68573,https://www.pricecharting.com/game/68573
pc-65318,https://www.pricecharting.com/game/65318
pc-65212,https://www.pricecharting.com/game/65212
pc-65175,https://www.pricecharting.com/game/65175
pc-65201,https://www.pricecharting.com/game/65201
pc-68690,https://www.pricecharting.com/game/68690
pc-65176,https://www.pricecharting.com/game/65176
pc-65179,https://www.pricecharting.com/game/65179
pc-65309,https://www.pricecharting.com/game/65309
pc-67238,https://www.pricecharting.com/game/67238
pc-65183,https://www.pricecharting.com/game/65183
pc-65437,https://www.pricecharting.com/game/65437
pc-65174,https://www.pricecharting.com/game/65174
pc-68623,https://www.pricecharting.com/game/68623
pc-65204,https://www.pricecharting.com/game/65204
pc-68693,https://www.pricecharting.com/game/68693
pc-65513,https://www.pricecharting.com/game/65513
pc-65306,https://www.pricecharting.com/game/65306
pc-65210,https://www.pricecharting.com/game/65210
pc-65181,https://www.pricecharting.com/game/65181
pc-66507,https://www.pricecharting.com/game/66507
pc-65575,https://www.pricecharting.com/game/65575
pc-65435,https://www.pricecharting.com/game/65435
pc-65574,https://www.pricecharting.com/game/65574
pc-65184,https://www.pricecharting.com/game/65184
pc-65214,https://www.pricecharting.com/game/65214
pc-65432,https://www.pricecharting.com/game/65432
pc-68613,https://www.pricecharting.com/game/68613
pc-65260,https://www.pricecharting.com/game/65260
pc-68697,https://www.pricecharting.com/game/68697
pc-65216,https://www.pricecharting.com/game/65216
pc-68610,https://www.pricecharting.com/game/68610
pc-68609,https://www.pricecharting.com/game/68609
pc-66785,https://www.pricecharting.com/game/66785
pc-65570,https://www.pricecharting.com/game/65570
pc-67425,https://www.pricecharting.com/game/67425
pc-65215,https://www.pricecharting.com/game/65215
pc-65114,https://www.pricecharting.com/game/65114
pc-65180,https://www.pricecharting.com/game/65180
pc-68700,https://www.pricecharting.com/game/68700
pc-65185,https://www.pricecharting.com/game/65185
pc-65264,https://www.pricecharting.com/game/65264
pc-65140,https://www.pricecharting.com/game/65140
pc-65148,https://www.pricecharting.com/game/65148
pc-65136,https://www.pricecharting.com/game/65136
pc-65134,https://www.pricecharting.com/game/65134
pc-65132,https://www.pricecharting.com/game/65132
pc-65129,https://www.pricecharting.com/game/65129
pc-65128,https://www.pricecharting.com/game/65128
pc-65125,https://www.pricecharting.com/game/65125
pc-65122,https://www.pricecharting.com/game/65122
pc-65303,https://www.pricecharting.com/game/65303
pc-65123,https://www.pricecharting.com/game/65123
pc-65121,https://www.pricecharting.com/game/65121
pc-65120,https://www.pricecharting.com/game/65120
pc-68638,https://www.pricecharting.com/game/68638
pc-63744,https://www.pricecharting.com/game/63744
pc-13775,https://www.pricecharting.com/game/13775
pc-67981,https://www.pricecharting.com/game/67981
pc-67963,https://www.pricecharting.com/game/67963
pc-67957,https://www.pricecharting.com/game/67957
pc-67958,https://www.pricecharting.com/game/67958
pc-67967,https://www.pricecharting.com/game/67967
pc-67966,https://www.pricecharting.com/game/67966
pc-67952,https://www.pricecharting.com/game/67952
pc-67950,https://www.pricecharting.com/game/67950
pc-67949,https://www.pricecharting.com/game/67949
pc-67976,https://www.pricecharting.com/game/67976
pc-67944,https://www.pricecharting.com/game/67944
pc-67942,https://www.pricecharting.com/game/67942
pc-67943,https://www.pricecharting.com/game/67943
pc-67992,https://www.pricecharting.com/game/67992
pc-67939,https://www.pricecharting.com/game/67939
pc-67979,https://www.pricecharting.com/game/67979
pc-67973,https://www.pricecharting.com/game/67973
pc-67940,https://www.pricecharting.com/game/67940
pc-67937,https://www.pricecharting.com/game/67937
pc-67980,https://www.pricecharting.com/game/67980
pc-67974,https://www.pricecharting.com/game/67974
pc-67936,https://www.pricecharting.com/game/67936
pc-67941,https://www.pricecharting.com/game/67941
pc-67933,https://www.pricecharting.com/game/67933
pc-67991,https://www.pricecharting.com/game/67991
pc-55730,https://www.pricecharting.com/game/55730
pc-67444,https://www.pricecharting.com/game/67444
pc-67932,https://www.pricecharting.com/game/67932
pc-67612,https://www.pricecharting.com/game/67612
pc-67924,https://www.pricecharting.com/game/67924
pc-67925,https://www.pricecharting.com/game/67925
pc-67969,https://www.pricecharting.com/game/67969
pc-67926,https://www.pricecharting.com/game/67926
pc-67921,https://www.pricecharting.com/game/67921
pc-67913,https://www.pricecharting.com/game/67913
pc-67922,https://www.pricecharting.com/game/67922
pc-67956,https://www.pricecharting.com/game/67956
pc-67914,https://www.pricecharting.com/game/67914
pc-67968,https://www.pricecharting.com/game/67968
pc-65463,https://www.pricecharting.com/game/65463
pc-67908,https://www.pricecharting.com/game/67908
pc-68698,https://www.pricecharting.com/game/68698
pc-55745,https://www.pricecharting.com/game/55745
pc-67902,https://www.pricecharting.com/game/67902
pc-67987,https://www.pricecharting.com/game/67987
pc-67899,https://www.pricecharting.com/game/67899
pc-67898,https://www.pricecharting.com/game/67898
pc-55728,https://www.pricecharting.com/game/55728
pc-67986,https://www.pricecharting.com/game/67986
pc-67962,https://www.pricecharting.com/game/67962
pc-67903,https://www.pricecharting.com/game/67903
pc-67895,https://www.pricecharting.com/game/67895
pc-67890,https://www.pricecharting.com/game/67890
pc-67894,https://www.pricecharting.com/game/67894
pc-67960,https://www.pricecharting.com/game/67960
pc-67891,https://www.pricecharting.com/game/67891
pc-67887,https://www.pricecharting.com/game/67887
pc-67885,https://www.pricecharting.com/game/67885
pc-67883,https://www.pricecharting.com/game/67883
pc-63141,https://www.pricecharting.com/game/63141
pc-67266,https://www.pricecharting.com/game/67266
pc-68632,https://www.pricecharting.com/game/68632
pc-67514,https://www.pricecharting.com/game/67514
pc-14568,https://www.pricecharting.com/game/14568
pc-66858,https://www.pricecharting.com/game/66858
pc-66512,https://www.pricecharting.com/game/66512
pc-39899,https://www.pricecharting.com/game/39899
pc-67860,https://www.pricecharting.com/game/67860
pc-39775,https://www.pricecharting.com/game/39775
pc-39870,https://www.pricecharting.com/game/39870
pc-68008,https://www.pricecharting.com/game/68008
pc-68599,https://www.pricecharting.com/game/68599
pc-39815,https://www.pricecharting.com/game/39815
pc-67046,https://www.pricecharting.com/game/67046
pc-39762,https://www.pricecharting.com/game/39762
pc-39758,https://www.pricecharting.com/game/39758
pc-66783,https://www.pricecharting.com/game/66783
pc-66786,https://www.pricecharting.com/game/66786
pc-68882,https://www.pricecharting.com/game/68882
pc-67483,https://www.pricecharting.com/game/67483
pc-68668,https://www.pricecharting.com/game/68668
pc-66712,https://www.pricecharting.com/game/66712
pc-63491,https://www.pricecharting.com/game/63491
pc-67277,https://www.pricecharting.com/game/67277
pc-63642,https://www.pricecharting.com/game/63642
pc-68007,https://www.pricecharting.com/game/68007
pc-63842,https://www.pricecharting.com/game/63842
pc-68017,https://www.pricecharting.com/game/68017
pc-63946,https://www.pricecharting.com/game/63946
pc-67368,https://www.pricecharting.com/game/67368
pc-66893,https://www.pricecharting.com/game/66893
pc-67831,https://www.pricecharting.com/game/67831
pc-66997,https://www.pricecharting.com/game/66997
pc-67264,https://www.pricecharting.com/game/67264
pc-66588,https://www.pricecharting.com/game/66588
pc-63069,https://www.pricecharting.com/game/63069
pc-68880,https://www.pricecharting.com/game/68880
pc-59586,https://www.pricecharting.com/game/59586
pc-65492,https://www.pricecharting.com/game/65492
pc-65417,https://www.pricecharting.com/game/65417
pc-65333,https://www.pricecharting.com/game/65333
pc-66903,https://www.pricecharting.com/game/66903
pc-63131,https://www.pricecharting.com/game/63131
pc-65064,https://www.pricecharting.com/game/65064
pc-52113,https://www.pricecharting.com/game/52113
pc-68936,https://www.pricecharting.com/game/68936
pc-65489,https://www.pricecharting.com/game/65489
pc-66859,https://www.pricecharting.com/game/66859
pc-69341,https://www.pricecharting.com/game/69341
pc-69044,https://www.pricecharting.com/game/69044
pc-61908,https://www.pricecharting.com/game/61908
pc-68876,https://www.pricecharting.com/game/68876
pc-67764,https://www.pricecharting.com/game/67764
pc-66541,https://www.pricecharting.com/game/66541
pc-52070,https://www.pricecharting.com/game/52070
pc-67563,https://www.pricecharting.com/game/67563
pc-67505,https://www.pricecharting.com/game/67505
pc-67504,https://www.pricecharting.com/game/67504
pc-52053,https://www.pricecharting.com/game/52053
pc-67503,https://www.pricecharting.com/game/67503
pc-67501,https://www.pricecharting.com/game/67501
pc-67500,https://www.pricecharting.com/game/67500
pc-67498,https://www.pricecharting.com/game/67498
pc-67499,https://www.pricecharting.com/game/67499
pc-67497,https://www.pricecharting.com/game/67497
pc-67494,https://www.pricecharting.com/game/67494
pc-67492,https://www.pricecharting.com/game/67492
pc-67491,https://www.pricecharting.com/game/67491
pc-62537,https://www.pricecharting.com/game/62537
pc-66757,https://www.pricecharting.com/game/66757
pc-68927,https://www.pricecharting.com/game/68927
pc-67412,https://www.pricecharting.com/game/67412
pc-49968,https://www.pricecharting.com/game/49968
pc-50030,https://www.pricecharting.com/game/50030
pc-67288,https://www.pricecharting.com/game/67288
pc-67708,https://www.pricecharting.com/game/67708
pc-67450,https://www.pricecharting.com/game/67450
pc-49788,https://www.pricecharting.com/game/49788
pc-68903,https://www.pricecharting.com/game/68903
pc-65293,https://www.pricecharting.com/game/65293
pc-65294,https://www.pricecharting.com/game/65294
pc-65295,https://www.pricecharting.com/game/65295
pc-62507,https://www.pricecharting.com/game/62507
pc-67388,https://www.pricecharting.com/game/67388
pc-68985,https://www.pricecharting.com/game/68985
pc-62358,https://www.pricecharting.com/game/62358
pc-67651,https://www.pricecharting.com/game/67651
pc-69300,https://www.pricecharting.com/game/69300
pc-63132,https://www.pricecharting.com/game/63132
pc-62530,https://www.pricecharting.com/game/62530
pc-58233,https://www.pricecharting.com/game/58233
pc-68971,https://www.pricecharting.com/game/68971
pc-67268,https://www.pricecharting.com/game/67268
pc-63260,https://www.pricecharting.com/game/63260
pc-68877,https://www.pricecharting.com/game/68877
pc-68579,https://www.pricecharting.com/game/68579
pc-66772,https://www.pricecharting.com/game/66772
pc-68580,https://www.pricecharting.com/game/68580
pc-68577,https://www.pricecharting.com/game/68577
pc-67628,https://www.pricecharting.com/game/67628
pc-67026,https://www.pricecharting.com/game/67026
pc-68576,https://www.pricecharting.com/game/68576
pc-65627,https://www.pricecharting.com/game/65627
pc-68581,https://www.pricecharting.com/game/68581
pc-67556,https://www.pricecharting.com/game/67556
pc-60614,https://www.pricecharting.com/game/60614
pc-67361,https://www.pricecharting.com/game/67361
pc-67419,https://www.pricecharting.com/game/67419
pc-67418,https://www.pricecharting.com/game/67418
pc-68986,https://www.pricecharting.com/game/68986
pc-68556,https://www.pricecharting.com/game/68556
pc-68608,https://www.pricecharting.com/game/68608
pc-66682,https://www.pricecharting.com/game/66682
pc-68778,https://www.pricecharting.com/game/68778
pc-66618,https://www.pricecharting.com/game/66618
pc-66705,https://www.pricecharting.com/game/66705
pc-66665,https://www.pricecharting.com/game/66665
pc-66664,https://www.pricecharting.com/game/66664
pc-66662,https://www.pricecharting.com/game/66662
pc-66666,https://www.pricecharting.com/game/66666
pc-66703,https://www.pricecharting.com/game/66703
pc-66654,https://www.pricecharting.com/game/66654
pc-66661,https://www.pricecharting.com/game/66661
pc-66638,https://www.pricecharting.com/game/66638
pc-66636,https://www.pricecharting.com/game/66636
pc-66683,https://www.pricecharting.com/game/66683
pc-66657,https://www.pricecharting.com/game/66657
pc-67765,https://www.pricecharting.com/game/67765
pc-66655,https://www.pricecharting.com/game/66655
pc-66722,https://www.pricecharting.com/game/66722
pc-66723,https://www.pricecharting.com/game/66723
pc-66651,https://www.pricecharting.com/game/66651
pc-66653,https://www.pricecharting.com/game/66653
pc-66644,https://www.pricecharting.com/game/66644
pc-68928,https://www.pricecharting.com/game/68928
pc-66641,https://www.pricecharting.com/game/66641
pc-66660,https://www.pricecharting.com/game/66660
pc-66658,https://www.pricecharting.com/game/66658
pc-66656,https://www.pricecharting.com/game/66656
pc-66698,https://www.pricecharting.com/game/66698
pc-66649,https://www.pricecharting.com/game/66649
pc-66645,https://www.pricecharting.com/game/66645
pc-65636,https://www.pricecharting.com/game/65636
pc-65637,https://www.pricecharting.com/game/65637
pc-65628,https://www.pricecharting.com/game/65628
pc-65635,https://www.pricecharting.com/game/65635
pc-65629,https://www.pricecharting.com/game/65629
pc-66634,https://www.pricecharting.com/game/66634
pc-66639,https://www.pricecharting.com/game/66639
pc-66642,https://www.pricecharting.com/game/66642
pc-66628,https://www.pricecharting.com/game/66628
pc-66697,https://www.pricecharting.com/game/66697
pc-67613,https://www.pricecharting.com/game/67613
pc-66696,https://www.pricecharting.com/game/66696
pc-66640,https://www.pricecharting.com/game/66640
pc-66629,https://www.pricecharting.com/game/66629
pc-66620,https://www.pricecharting.com/game/66620
pc-66622,https://www.pricecharting.com/game/66622
pc-66695,https://www.pricecharting.com/game/66695
pc-66627,https://www.pricecharting.com/game/66627
pc-66693,https://www.pricecharting.com/game/66693
pc-66626,https://www.pricecharting.com/game/66626
pc-66691,https://www.pricecharting.com/game/66691
pc-66624,https://www.pricecharting.com/game/66624
pc-66692,https://www.pricecharting.com/game/66692
pc-66615,https://www.pricecharting.com/game/66615
pc-66689,https://www.pricecharting.com/game/66689
pc-66613,https://www.pricecharting.com/game/66613
pc-66617,https://www.pricecharting.com/game/66617
pc-66686,https://www.pricecharting.com/game/66686
pc-66610,https://www.pricecharting.com/game/66610
pc-66612,https://www.pricecharting.com/game/66612
pc-66684,https://www.pricecharting.com/game/66684
pc-66630,https://www.pricecharting.com/game/66630
pc-66611,https://www.pricecharting.com/game/66611
pc-67759,https://www.pricecharting.com/game/67759
pc-66681,https://www.pricecharting.com/game/66681
pc-66680,https://www.pricecharting.com/game/66680
pc-66605,https://www.pricecharting.com/game/66605
pc-66603,https://www.pricecharting.com/game/66603
pc-66608,https://www.pricecharting.com/game/66608
pc-66604,https://www.pricecharting.com/game/66604
pc-66599,https://www.pricecharting.com/game/66599
pc-66598,https://www.pricecharting.com/game/66598
pc-66602,https://www.pricecharting.com/game/66602
pc-66600,https://www.pricecharting.com/game/66600
pc-67618,https://www.pricecharting.com/game/67618
pc-66596,https://www.pricecharting.com/game/66596
pc-67836,https://www.pricecharting.com/game/67836
pc-69465,https://www.pricecharting.com/game/69465
pc-67648,https://www.pricecharting.com/game/67648
pc-67834,https://www.pricecharting.com/game/67834
pc-62336,https://www.pricecharting.com/game/62336
pc-62337,https://www.pricecharting.com/game/62337
pc-65608,https://www.pricecharting.com/game/65608
pc-65218,https://www.pricecharting.com/game/65218
pc-66737,https://www.pricecharting.com/game/66737
pc-66739,https://www.pricecharting.com/game/66739
pc-66753,https://www.pricecharting.com/game/66753
pc-66746,https://www.pricecharting.com/game/66746
pc-66745,https://www.pricecharting.com/game/66745
pc-60615,https://www.pricecharting.com/game/60615
pc-66751,https://www.pricecharting.com/game/66751
pc-67311,https://www.pricecharting.com/game/67311
pc-66728,https://www.pricecharting.com/game/66728
pc-66727,https://www.pricecharting.com/game/66727
pc-66732,https://www.pricecharting.com/game/66732